사용자 아이디,교육 주제가 현재 업무와 얼마나 관련이 있었습니까?,교육 내용이 실제 영업 상황에 적용하기 쉬웠습니까?,이번 교육을 통해 영업 스킬이 향상되었다고 생각하십니까?,교육 후 영업 관련 업무에 대한 자신감이 증가했습니까?,온라인 학습 플랫폼의 사용이 편리했습니까?,"교육 자료(동영상, PDF 등)의 품질은 어떠했습니까?",교육 중 다른 참가자들과 충분히 상호작용할 수 있는 기회가 있었습니까?,교육에서 배운 내용을 실제 업무에 적용할 수 있다고 생각하십니까?,교육 내용 중 가장 유용했던 부분은 무엇입니까?,전반적인 교육 경험에 대해 얼마나 만족하십니까?,이 교육을 동료에게 추천하시겠습니까?,교육 프로그램 개선을 위한 제안사항이 있다면 자유롭게 작성해 주세요.
user_1,4,2,3,4,4,3,3,3,갤럭시 S25와 S24의 디자인 및 하드웨어 차이점을 명확하게 이해할 수 있었습니다.,4,4,실제 고객 응대 시 활용할 수 있는 Q&A 사례를 추가해 주시면 좋겠습니다.
user_2,3,5,5,5,3,4,5,5,갤럭시 S25의 AI 기반 카메라 기능이 고객 응대에서 강점이 될 것 같습니다.,5,3,실제 고객 응대 시 활용할 수 있는 Q&A 사례를 추가해 주시면 좋겠습니다.
user_3,4,5,5,5,4,5,5,4,S25의 '스냅드래곤 8 엘리트' 칩셋 성능이 기존 모델 대비 얼마나 향상되었는지 배울 수 있었습니다.,5,5,"타 브랜드(아이폰, 샤오미 등)와 비교하는 실전 영업 전략이 더 강화되었으면 합니다."
user_4,5,5,5,4,5,5,5,4,디스플레이의 가변 주사율과 밝기 향상이 실질적으로 체감되는 부분이었습니다.,5,5,실제 고객 응대 시 활용할 수 있는 Q&A 사례를 추가해 주시면 좋겠습니다.
user_5,3,5,4,5,4,5,4,3,Qi2 무선 충전 지원과 배터리 효율성 개선이 장점으로 강조될 수 있는 포인트였습니다.,3,5,S25의 새로운 기능을 실제 시연할 수 있도록 체험형 교육이 추가되었으면 합니다.
user_6,4,4,3,2,4,3,3,4,갤럭시 S25의 AI 기반 카메라 기능이 고객 응대에서 강점이 될 것 같습니다.,3,2,매장 환경에서 활용할 수 있는 데모 및 실습 자료가 제공되었으면 합니다.
user_7,4,2,2,4,2,3,2,4,갤럭시 S25의 AI 기반 카메라 기능이 고객 응대에서 강점이 될 것 같습니다.,4,3,온라인 및 오프라인 매장별 판매 전략 차이를 더 상세히 다루었으면 좋겠습니다.
user_8,5,4,4,5,4,5,5,4,경쟁 제품인 아이폰 16과의 비교 자료가 특히 영업에서 유용할 것 같습니다.,4,5,고객 맞춤형 세일즈 스크립트가 포함된 교육 자료가 제공되었으면 합니다.
user_9,4,4,5,3,3,5,3,4,갤럭시 S25의 AI 기반 카메라 기능이 고객 응대에서 강점이 될 것 같습니다.,3,4,온라인 및 오프라인 매장별 판매 전략 차이를 더 상세히 다루었으면 좋겠습니다.
user_10,5,5,5,5,5,5,4,4,디스플레이의 가변 주사율과 밝기 향상이 실질적으로 체감되는 부분이었습니다.,5,5,"타 브랜드(아이폰, 샤오미 등)와 비교하는 실전 영업 전략이 더 강화되었으면 합니다."
user_11,3,2,4,3,4,2,3,4,디스플레이의 가변 주사율과 밝기 향상이 실질적으로 체감되는 부분이었습니다.,2,4,매장 환경에서 활용할 수 있는 데모 및 실습 자료가 제공되었으면 합니다.
user_12,4,4,5,4,5,5,5,4,경쟁 제품인 아이폰 16과의 비교 자료가 특히 영업에서 유용할 것 같습니다.,5,5,S25의 새로운 기능을 실제 시연할 수 있도록 체험형 교육이 추가되었으면 합니다.
user_13,5,4,5,5,5,5,5,5,S25의 '스냅드래곤 8 엘리트' 칩셋 성능이 기존 모델 대비 얼마나 향상되었는지 배울 수 있었습니다.,5,5,"타 브랜드(아이폰, 샤오미 등)와 비교하는 실전 영업 전략이 더 강화되었으면 합니다."
user_14,5,3,3,5,4,4,4,3,갤럭시 AI 기능이 일상적인 사용에서 어떻게 작동하는지 실질적인 데모가 유익했습니다.,3,4,"타 브랜드(아이폰, 샤오미 등)와 비교하는 실전 영업 전략이 더 강화되었으면 합니다."
user_15,2,3,3,4,4,3,3,2,디스플레이의 가변 주사율과 밝기 향상이 실질적으로 체감되는 부분이었습니다.,4,4,다양한 연령층 고객을 대상으로 한 맞춤형 세일즈 접근법이 필요합니다.
user_16,2,2,2,2,3,2,3,3,갤럭시 S25의 AI 기반 카메라 기능이 고객 응대에서 강점이 될 것 같습니다.,3,3,온라인 및 오프라인 매장별 판매 전략 차이를 더 상세히 다루었으면 좋겠습니다.
user_17,5,3,5,4,5,4,3,3,Qi2 무선 충전 지원과 배터리 효율성 개선이 장점으로 강조될 수 있는 포인트였습니다.,3,5,"타 브랜드(아이폰, 샤오미 등)와 비교하는 실전 영업 전략이 더 강화되었으면 합니다."
user_18,3,3,4,3,4,3,2,2,갤럭시 S25와 S24의 디자인 및 하드웨어 차이점을 명확하게 이해할 수 있었습니다.,3,4,실제 고객 응대 시 활용할 수 있는 Q&A 사례를 추가해 주시면 좋겠습니다.
user_19,5,5,5,4,5,5,5,4,경쟁 제품인 아이폰 16과의 비교 자료가 특히 영업에서 유용할 것 같습니다.,4,5,다양한 연령층 고객을 대상으로 한 맞춤형 세일즈 접근법이 필요합니다.
user_20,5,3,5,5,5,5,3,3,경쟁 제품인 아이폰 16과의 비교 자료가 특히 영업에서 유용할 것 같습니다.,5,4,다양한 연령층 고객을 대상으로 한 맞춤형 세일즈 접근법이 필요합니다.
user_21,4,5,5,5,5,4,5,4,갤럭시 S25의 AI 기반 카메라 기능이 고객 응대에서 강점이 될 것 같습니다.,5,5,AI 기능의 실사용 사례를 바탕으로 한 고객 피드백 자료가 있었으면 합니다.
user_22,2,3,2,4,3,2,2,2,S25의 AI 사진 보정 기능이 소비자들에게 어필할 수 있는 차별화 요소라고 생각됩니다.,4,4,고객 맞춤형 세일즈 스크립트가 포함된 교육 자료가 제공되었으면 합니다.
user_23,4,3,5,5,4,4,3,4,갤럭시 AI 기능이 일상적인 사용에서 어떻게 작동하는지 실질적인 데모가 유익했습니다.,3,5,매장 환경에서 활용할 수 있는 데모 및 실습 자료가 제공되었으면 합니다.
user_24,5,5,5,5,5,4,4,5,갤럭시 AI 기능이 일상적인 사용에서 어떻게 작동하는지 실질적인 데모가 유익했습니다.,5,5,실제 고객 응대 시 활용할 수 있는 Q&A 사례를 추가해 주시면 좋겠습니다.
user_25,4,5,5,4,5,4,4,5,경쟁 제품인 아이폰 16과의 비교 자료가 특히 영업에서 유용할 것 같습니다.,5,4,실제 고객 응대 시 활용할 수 있는 Q&A 사례를 추가해 주시면 좋겠습니다.
user_26,4,4,5,5,5,5,5,5,갤럭시 S25와 S24의 디자인 및 하드웨어 차이점을 명확하게 이해할 수 있었습니다.,4,5,AI 기능의 실사용 사례를 바탕으로 한 고객 피드백 자료가 있었으면 합니다.
user_27,4,3,3,4,3,5,4,5,경쟁 제품인 아이폰 16과의 비교 자료가 특히 영업에서 유용할 것 같습니다.,3,4,온라인 및 오프라인 매장별 판매 전략 차이를 더 상세히 다루었으면 좋겠습니다.
user_28,4,3,4,2,5,2,4,3,S25의 AI 사진 보정 기능이 소비자들에게 어필할 수 있는 차별화 요소라고 생각됩니다.,4,2,갤럭시 AI의 실질적인 차별성과 향후 소프트웨어 업데이트 계획을 추가로 배우고 싶습니다.
user_29,5,4,4,4,5,4,3,5,S25의 '스냅드래곤 8 엘리트' 칩셋 성능이 기존 모델 대비 얼마나 향상되었는지 배울 수 있었습니다.,5,4,"타 브랜드(아이폰, 샤오미 등)와 비교하는 실전 영업 전략이 더 강화되었으면 합니다."
user_30,5,5,5,5,4,4,5,5,S25 Ultra의 티타늄 프레임 적용으로 제품 내구성이 한층 강화된 점이 인상적이었습니다.,4,4,"타 브랜드(아이폰, 샤오미 등)와 비교하는 실전 영업 전략이 더 강화되었으면 합니다."
user_31,5,5,5,4,5,5,5,5,디스플레이의 가변 주사율과 밝기 향상이 실질적으로 체감되는 부분이었습니다.,5,5,갤럭시 AI의 실질적인 차별성과 향후 소프트웨어 업데이트 계획을 추가로 배우고 싶습니다.
user_32,3,2,3,3,4,4,3,3,S25의 AI 사진 보정 기능이 소비자들에게 어필할 수 있는 차별화 요소라고 생각됩니다.,2,4,"타 브랜드(아이폰, 샤오미 등)와 비교하는 실전 영업 전략이 더 강화되었으면 합니다."
user_33,3,4,4,4,5,3,4,4,경쟁 제품인 아이폰 16과의 비교 자료가 특히 영업에서 유용할 것 같습니다.,4,4,실제 고객 응대 시 활용할 수 있는 Q&A 사례를 추가해 주시면 좋겠습니다.
user_34,5,5,5,4,5,5,5,5,경쟁 제품인 아이폰 16과의 비교 자료가 특히 영업에서 유용할 것 같습니다.,4,4,실제 고객 응대 시 활용할 수 있는 Q&A 사례를 추가해 주시면 좋겠습니다.
user_35,4,3,5,5,5,3,3,3,갤럭시 AI 기능이 일상적인 사용에서 어떻게 작동하는지 실질적인 데모가 유익했습니다.,3,5,AI 기능의 실사용 사례를 바탕으로 한 고객 피드백 자료가 있었으면 합니다.
user_36,4,2,3,4,2,3,2,3,갤럭시 AI 기능이 일상적인 사용에서 어떻게 작동하는지 실질적인 데모가 유익했습니다.,2,3,다양한 연령층 고객을 대상으로 한 맞춤형 세일즈 접근법이 필요합니다.
user_37,2,4,3,4,5,2,4,3,S25의 AI 사진 보정 기능이 소비자들에게 어필할 수 있는 차별화 요소라고 생각됩니다.,4,4,매장 환경에서 활용할 수 있는 데모 및 실습 자료가 제공되었으면 합니다.
user_38,4,5,5,5,4,5,5,5,갤럭시 AI 기능이 일상적인 사용에서 어떻게 작동하는지 실질적인 데모가 유익했습니다.,5,5,고객 맞춤형 세일즈 스크립트가 포함된 교육 자료가 제공되었으면 합니다.
user_39,4,5,5,5,4,5,5,4,S25 Ultra의 티타늄 프레임 적용으로 제품 내구성이 한층 강화된 점이 인상적이었습니다.,5,5,"타 브랜드(아이폰, 샤오미 등)와 비교하는 실전 영업 전략이 더 강화되었으면 합니다."
user_40,3,5,5,3,5,4,5,4,Qi2 무선 충전 지원과 배터리 효율성 개선이 장점으로 강조될 수 있는 포인트였습니다.,4,3,AI 기능의 실사용 사례를 바탕으로 한 고객 피드백 자료가 있었으면 합니다.
user_41,5,5,5,5,5,5,4,4,갤럭시 S25와 S24의 디자인 및 하드웨어 차이점을 명확하게 이해할 수 있었습니다.,4,5,갤럭시 AI의 실질적인 차별성과 향후 소프트웨어 업데이트 계획을 추가로 배우고 싶습니다.
user_42,5,4,4,5,4,5,4,5,Qi2 무선 충전 지원과 배터리 효율성 개선이 장점으로 강조될 수 있는 포인트였습니다.,5,5,다양한 연령층 고객을 대상으로 한 맞춤형 세일즈 접근법이 필요합니다.
user_43,3,5,3,3,5,3,4,5,S25의 AI 사진 보정 기능이 소비자들에게 어필할 수 있는 차별화 요소라고 생각됩니다.,4,3,다양한 연령층 고객을 대상으로 한 맞춤형 세일즈 접근법이 필요합니다.
user_44,2,2,3,4,5,4,4,3,경쟁 제품인 아이폰 16과의 비교 자료가 특히 영업에서 유용할 것 같습니다.,2,4,실제 고객 응대 시 활용할 수 있는 Q&A 사례를 추가해 주시면 좋겠습니다.
user_45,5,4,4,5,5,4,5,4,갤럭시 AI 기능이 일상적인 사용에서 어떻게 작동하는지 실질적인 데모가 유익했습니다.,4,4,실제 고객 응대 시 활용할 수 있는 Q&A 사례를 추가해 주시면 좋겠습니다.
user_46,4,3,5,3,5,4,5,3,디스플레이의 가변 주사율과 밝기 향상이 실질적으로 체감되는 부분이었습니다.,5,5,AI 기능의 실사용 사례를 바탕으로 한 고객 피드백 자료가 있었으면 합니다.
user_47,4,4,3,3,4,5,4,4,경쟁 제품인 아이폰 16과의 비교 자료가 특히 영업에서 유용할 것 같습니다.,3,4,갤럭시 AI의 실질적인 차별성과 향후 소프트웨어 업데이트 계획을 추가로 배우고 싶습니다.
user_48,2,4,3,3,3,2,2,2,경쟁 제품인 아이폰 16과의 비교 자료가 특히 영업에서 유용할 것 같습니다.,2,3,"타 브랜드(아이폰, 샤오미 등)와 비교하는 실전 영업 전략이 더 강화되었으면 합니다."
user_49,3,2,4,4,4,3,4,4,갤럭시 S25와 S24의 디자인 및 하드웨어 차이점을 명확하게 이해할 수 있었습니다.,3,3,매장 환경에서 활용할 수 있는 데모 및 실습 자료가 제공되었으면 합니다.
user_50,4,4,4,2,5,2,2,4,S25의 AI 사진 보정 기능이 소비자들에게 어필할 수 있는 차별화 요소라고 생각됩니다.,2,3,소비자가 가장 관심을 가질 만한 기능을 중심으로 교육이 진행되면 더욱 효과적일 것 같습니다.
